이름,전화번호,성별,나이
김*호,010-0000-0001,여,26
강*호,010-0000-0002,남,60
최*준,010-0000-0003,여,41
장*우,010-0000-0004,여,54
박*동,010-0000-0005,여,37
장*민,010-0000-0006,여,42
최*섭,010-0000-0007,남,56
윤*훈,010-0000-0008,남,33
조*현,010-0000-0009,여,49
강*준,010-0000-0010,남,41
이*식,010-0000-0011,남,47
윤*동,010-0000-0012,남,31
김*우,010-0000-0013,남,54
조*수,010-0000-0014,여,24
정*준,010-0000-0015,여,18
김*우,010-0000-0016,남,57
조*동,010-0000-0017,여,64
윤*섭,010-0000-0018,남,54
김*동,010-0000-0019,남,20
장*준,010-0000-0020,여,34
장*호,010-0000-0021,남,19
박*현,010-0000-0022,여,50
강*우,010-0000-0023,여,49
정*준,010-0000-0024,남,23
정*민,010-0000-0025,남,45
최*식,010-0000-0026,여,20
장*식,010-0000-0027,남,26
박*현,010-0000-0028,남,49
이*수,010-0000-0029,남,32
조*현,010-0000-0030,여,59
이*식,010-0000-0031,남,54
박*수,010-0000-0032,남,40
장*섭,010-0000-0033,여,22
장*우,010-0000-0034,여,38
김*현,010-0000-0035,남,33
강*호,010-0000-0036,여,52
김*민,010-0000-0037,남,33
김*호,010-0000-0038,남,36
윤*우,010-0000-0039,남,62
김*수,010-0000-0040,남,39
